name,type,direction,description
aats0e,float,,PADEL Descriptor property
aats0i,float,,PADEL Descriptor property
aats0m,float,,PADEL Descriptor property
aats0p,float,,PADEL Descriptor property
aats0s,float,,PADEL Descriptor property
aats0v,float,,PADEL Descriptor property
aats1e,float,,PADEL Descriptor property
aats1i,float,,PADEL Descriptor property
aats1m,float,,PADEL Descriptor property
aats1p,float,,PADEL Descriptor property
aats1s,float,,PADEL Descriptor property
aats1v,float,,PADEL Descriptor property
aats2e,float,,PADEL Descriptor property
aats2i,float,,PADEL Descriptor property
aats2m,float,,PADEL Descriptor property
aats2p,float,,PADEL Descriptor property
aats2s,float,,PADEL Descriptor property
aats2v,float,,PADEL Descriptor property
aats3e,float,,PADEL Descriptor property
aats3i,float,,PADEL Descriptor property
aats3m,float,,PADEL Descriptor property
aats3p,float,,PADEL Descriptor property
aats3s,float,,PADEL Descriptor property
aats3v,float,,PADEL Descriptor property
aats4e,float,,PADEL Descriptor property
aats4i,float,,PADEL Descriptor property
aats4m,float,,PADEL Descriptor property
aats4p,float,,PADEL Descriptor property
aats4s,float,,PADEL Descriptor property
aats4v,float,,PADEL Descriptor property
aats5e,float,,PADEL Descriptor property
aats5i,float,,PADEL Descriptor property
aats5m,float,,PADEL Descriptor property
aats5p,float,,PADEL Descriptor property
aats5s,float,,PADEL Descriptor property
aats5v,float,,PADEL Descriptor property
aats6e,float,,PADEL Descriptor property
aats6i,float,,PADEL Descriptor property
aats6m,float,,PADEL Descriptor property
aats6p,float,,PADEL Descriptor property
aats6s,float,,PADEL Descriptor property
aats6v,float,,PADEL Descriptor property
aats7e,float,,PADEL Descriptor property
aats7i,float,,PADEL Descriptor property
aats7m,float,,PADEL Descriptor property
aats7p,float,,PADEL Descriptor property
aats7s,float,,PADEL Descriptor property
aats7v,float,,PADEL Descriptor property
aats8e,float,,PADEL Descriptor property
aats8i,float,,PADEL Descriptor property
aats8m,float,,PADEL Descriptor property
aats8p,float,,PADEL Descriptor property
aats8s,float,,PADEL Descriptor property
aats8v,float,,PADEL Descriptor property
aatsc0c,float,,PADEL Descriptor property
aatsc0e,float,,PADEL Descriptor property
aatsc0i,float,,PADEL Descriptor property
aatsc0m,float,,PADEL Descriptor property
aatsc0p,float,,PADEL Descriptor property
aatsc0s,float,,PADEL Descriptor property
aatsc0v,float,,PADEL Descriptor property
aatsc1c,float,,PADEL Descriptor property
aatsc1e,float,,PADEL Descriptor property
aatsc1i,float,,PADEL Descriptor property
aatsc1m,float,,PADEL Descriptor property
aatsc1p,float,,PADEL Descriptor property
aatsc1s,float,,PADEL Descriptor property
aatsc1v,float,,PADEL Descriptor property
aatsc2c,float,,PADEL Descriptor property
aatsc2e,float,,PADEL Descriptor property
aatsc2i,float,,PADEL Descriptor property
aatsc2m,float,,PADEL Descriptor property
aatsc2p,float,,PADEL Descriptor property
aatsc2s,float,,PADEL Descriptor property
aatsc2v,float,,PADEL Descriptor property
aatsc3c,float,,PADEL Descriptor property
aatsc3e,float,,PADEL Descriptor property
aatsc3i,float,,PADEL Descriptor property
aatsc3m,float,,PADEL Descriptor property
aatsc3p,float,,PADEL Descriptor property
aatsc3s,float,,PADEL Descriptor property
aatsc3v,float,,PADEL Descriptor property
aatsc4c,float,,PADEL Descriptor property
aatsc4e,float,,PADEL Descriptor property
aatsc4i,float,,PADEL Descriptor property
aatsc4m,float,,PADEL Descriptor property
aatsc4p,float,,PADEL Descriptor property
aatsc4s,float,,PADEL Descriptor property
aatsc4v,float,,PADEL Descriptor property
aatsc5c,float,,PADEL Descriptor property
aatsc5e,float,,PADEL Descriptor property
aatsc5i,float,,PADEL Descriptor property
aatsc5m,float,,PADEL Descriptor property
aatsc5p,float,,PADEL Descriptor property
aatsc5s,float,,PADEL Descriptor property
aatsc5v,float,,PADEL Descriptor property
aatsc6c,float,,PADEL Descriptor property
aatsc6e,float,,PADEL Descriptor property
aatsc6i,float,,PADEL Descriptor property
aatsc6m,float,,PADEL Descriptor property
aatsc6p,float,,PADEL Descriptor property
aatsc6s,float,,PADEL Descriptor property
aatsc6v,float,,PADEL Descriptor property
aatsc7c,float,,PADEL Descriptor property
aatsc7e,float,,PADEL Descriptor property
aatsc7i,float,,PADEL Descriptor property
aatsc7m,float,,PADEL Descriptor property
aatsc7p,float,,PADEL Descriptor property
aatsc7s,float,,PADEL Descriptor property
aatsc7v,float,,PADEL Descriptor property
aatsc8c,float,,PADEL Descriptor property
aatsc8e,float,,PADEL Descriptor property
aatsc8i,float,,PADEL Descriptor property
aatsc8m,float,,PADEL Descriptor property
aatsc8p,float,,PADEL Descriptor property
aatsc8s,float,,PADEL Descriptor property
aatsc8v,float,,PADEL Descriptor property
alogp,float,,PADEL Descriptor property
alogp2,float,,PADEL Descriptor property
amr,float,,PADEL Descriptor property
amw,float,,PADEL Descriptor property
asp_0,float,,PADEL Descriptor property
asp_1,float,,PADEL Descriptor property
asp_2,float,,PADEL Descriptor property
asp_3,float,,PADEL Descriptor property
asp_4,float,,PADEL Descriptor property
asp_5,float,,PADEL Descriptor property
asp_6,float,,PADEL Descriptor property
asp_7,float,,PADEL Descriptor property
ats0e,float,,PADEL Descriptor property
ats0i,float,,PADEL Descriptor property
ats0m,float,,PADEL Descriptor property
ats0p,float,,PADEL Descriptor property
ats0s,float,,PADEL Descriptor property
ats0v,float,,PADEL Descriptor property
ats1e,float,,PADEL Descriptor property
ats1i,float,,PADEL Descriptor property
ats1m,float,,PADEL Descriptor property
ats1p,float,,PADEL Descriptor property
ats1s,float,,PADEL Descriptor property
ats1v,float,,PADEL Descriptor property
ats2e,float,,PADEL Descriptor property
ats2i,float,,PADEL Descriptor property
ats2m,float,,PADEL Descriptor property
ats2p,float,,PADEL Descriptor property
ats2s,float,,PADEL Descriptor property
ats2v,float,,PADEL Descriptor property
ats3e,float,,PADEL Descriptor property
ats3i,float,,PADEL Descriptor property
ats3m,float,,PADEL Descriptor property
ats3p,float,,PADEL Descriptor property
ats3s,float,,PADEL Descriptor property
ats3v,float,,PADEL Descriptor property
ats4e,float,,PADEL Descriptor property
ats4i,float,,PADEL Descriptor property
ats4m,float,,PADEL Descriptor property
ats4p,float,,PADEL Descriptor property
ats4s,float,,PADEL Descriptor property
ats4v,float,,PADEL Descriptor property
ats5e,float,,PADEL Descriptor property
ats5i,float,,PADEL Descriptor property
ats5m,float,,PADEL Descriptor property
ats5p,float,,PADEL Descriptor property
ats5s,float,,PADEL Descriptor property
ats5v,float,,PADEL Descriptor property
ats6e,float,,PADEL Descriptor property
ats6i,float,,PADEL Descriptor property
ats6m,float,,PADEL Descriptor property
ats6p,float,,PADEL Descriptor property
ats6s,float,,PADEL Descriptor property
ats6v,float,,PADEL Descriptor property
ats7e,float,,PADEL Descriptor property
ats7i,float,,PADEL Descriptor property
ats7m,float,,PADEL Descriptor property
ats7p,float,,PADEL Descriptor property
ats7s,float,,PADEL Descriptor property
ats7v,float,,PADEL Descriptor property
ats8e,float,,PADEL Descriptor property
ats8i,float,,PADEL Descriptor property
ats8m,float,,PADEL Descriptor property
ats8p,float,,PADEL Descriptor property
ats8s,float,,PADEL Descriptor property
ats8v,float,,PADEL Descriptor property
atsc0c,float,,PADEL Descriptor property
atsc0e,float,,PADEL Descriptor property
atsc0i,float,,PADEL Descriptor property
atsc0m,float,,PADEL Descriptor property
atsc0p,float,,PADEL Descriptor property
atsc0s,float,,PADEL Descriptor property
atsc0v,float,,PADEL Descriptor property
atsc1c,float,,PADEL Descriptor property
atsc1e,float,,PADEL Descriptor property
atsc1i,float,,PADEL Descriptor property
atsc1m,float,,PADEL Descriptor property
atsc1p,float,,PADEL Descriptor property
atsc1s,float,,PADEL Descriptor property
atsc1v,float,,PADEL Descriptor property
atsc2c,float,,PADEL Descriptor property
atsc2e,float,,PADEL Descriptor property
atsc2i,float,,PADEL Descriptor property
atsc2m,float,,PADEL Descriptor property
atsc2p,float,,PADEL Descriptor property
atsc2s,float,,PADEL Descriptor property
atsc2v,float,,PADEL Descriptor property
atsc3c,float,,PADEL Descriptor property
atsc3e,float,,PADEL Descriptor property
atsc3i,float,,PADEL Descriptor property
atsc3m,float,,PADEL Descriptor property
atsc3p,float,,PADEL Descriptor property
atsc3s,float,,PADEL Descriptor property
atsc3v,float,,PADEL Descriptor property
atsc4c,float,,PADEL Descriptor property
atsc4e,float,,PADEL Descriptor property
atsc4i,float,,PADEL Descriptor property
atsc4m,float,,PADEL Descriptor property
atsc4p,float,,PADEL Descriptor property
atsc4s,float,,PADEL Descriptor property
atsc4v,float,,PADEL Descriptor property
atsc5c,float,,PADEL Descriptor property
atsc5e,float,,PADEL Descriptor property
atsc5i,float,,PADEL Descriptor property
atsc5m,float,,PADEL Descriptor property
atsc5p,float,,PADEL Descriptor property
atsc5s,float,,PADEL Descriptor property
atsc5v,float,,PADEL Descriptor property
atsc6c,float,,PADEL Descriptor property
atsc6e,float,,PADEL Descriptor property
atsc6i,float,,PADEL Descriptor property
atsc6m,float,,PADEL Descriptor property
atsc6p,float,,PADEL Descriptor property
atsc6s,float,,PADEL Descriptor property
atsc6v,float,,PADEL Descriptor property
atsc7c,float,,PADEL Descriptor property
atsc7e,float,,PADEL Descriptor property
atsc7i,float,,PADEL Descriptor property
atsc7m,float,,PADEL Descriptor property
atsc7p,float,,PADEL Descriptor property
atsc7s,float,,PADEL Descriptor property
atsc7v,float,,PADEL Descriptor property
atsc8c,float,,PADEL Descriptor property
atsc8e,float,,PADEL Descriptor property
atsc8i,float,,PADEL Descriptor property
atsc8m,float,,PADEL Descriptor property
atsc8p,float,,PADEL Descriptor property
atsc8s,float,,PADEL Descriptor property
atsc8v,float,,PADEL Descriptor property
avp_0,float,,PADEL Descriptor property
avp_1,float,,PADEL Descriptor property
avp_2,float,,PADEL Descriptor property
avp_3,float,,PADEL Descriptor property
avp_4,float,,PADEL Descriptor property
avp_5,float,,PADEL Descriptor property
avp_6,float,,PADEL Descriptor property
avp_7,float,,PADEL Descriptor property
ae,float,,PADEL Descriptor property
ai,float,,PADEL Descriptor property
am,float,,PADEL Descriptor property
ap,float,,PADEL Descriptor property
as,float,,PADEL Descriptor property
au,float,,PADEL Descriptor property
av,float,,PADEL Descriptor property
bcutc_1h,float,,PADEL Descriptor property
bcutc_1l,float,,PADEL Descriptor property
bcutp_1h,float,,PADEL Descriptor property
bcutp_1l,float,,PADEL Descriptor property
bcutw_1h,float,,PADEL Descriptor property
bcutw_1l,float,,PADEL Descriptor property
bic0,float,,PADEL Descriptor property
bic1,float,,PADEL Descriptor property
bic2,float,,PADEL Descriptor property
bic3,float,,PADEL Descriptor property
bic4,float,,PADEL Descriptor property
bic5,float,,PADEL Descriptor property
c1sp1,float,,PADEL Descriptor property
c1sp2,float,,PADEL Descriptor property
c1sp3,float,,PADEL Descriptor property
c2sp1,float,,PADEL Descriptor property
c2sp2,float,,PADEL Descriptor property
c2sp3,float,,PADEL Descriptor property
c3sp2,float,,PADEL Descriptor property
c3sp3,float,,PADEL Descriptor property
c4sp3,float,,PADEL Descriptor property
cic0,float,,PADEL Descriptor property
cic1,float,,PADEL Descriptor property
cic2,float,,PADEL Descriptor property
cic3,float,,PADEL Descriptor property
cic4,float,,PADEL Descriptor property
cic5,float,,PADEL Descriptor property
crippenlogp,float,,PADEL Descriptor property
crippenmr,float,,PADEL Descriptor property
dels,float,,PADEL Descriptor property
dels2,float,,PADEL Descriptor property
dpsa_1,float,,PADEL Descriptor property
dpsa_2,float,,PADEL Descriptor property
dpsa_3,float,,PADEL Descriptor property
de,float,,PADEL Descriptor property
di,float,,PADEL Descriptor property
dm,float,,PADEL Descriptor property
dp,float,,PADEL Descriptor property
ds,float,,PADEL Descriptor property
du,float,,PADEL Descriptor property
dv,float,,PADEL Descriptor property
e1e,float,,PADEL Descriptor property
e1i,float,,PADEL Descriptor property
e1m,float,,PADEL Descriptor property
e1p,float,,PADEL Descriptor property
e1s,float,,PADEL Descriptor property
e1u,float,,PADEL Descriptor property
e1v,float,,PADEL Descriptor property
e2e,float,,PADEL Descriptor property
e2i,float,,PADEL Descriptor property
e2m,float,,PADEL Descriptor property
e2p,float,,PADEL Descriptor property
e2s,float,,PADEL Descriptor property
e2u,float,,PADEL Descriptor property
e2v,float,,PADEL Descriptor property
e3e,float,,PADEL Descriptor property
e3i,float,,PADEL Descriptor property
e3m,float,,PADEL Descriptor property
e3p,float,,PADEL Descriptor property
e3s,float,,PADEL Descriptor property
e3u,float,,PADEL Descriptor property
e3v,float,,PADEL Descriptor property
eccen,float,,PADEL Descriptor property
ee_d,float,,PADEL Descriptor property
ee_dt,float,,PADEL Descriptor property
ee_dzz,float,,PADEL Descriptor property
ee_dze,float,,PADEL Descriptor property
ee_dzi,float,,PADEL Descriptor property
ee_dzm,float,,PADEL Descriptor property
ee_dzp,float,,PADEL Descriptor property
ee_dzs,float,,PADEL Descriptor property
ee_dzv,float,,PADEL Descriptor property
eta_alpha,float,,PADEL Descriptor property
eta_alphap,float,,PADEL Descriptor property
eta_beta,float,,PADEL Descriptor property
eta_betap,float,,PADEL Descriptor property
eta_betap_ns,float,,PADEL Descriptor property
eta_betap_ns_d,float,,PADEL Descriptor property
eta_betap_s,float,,PADEL Descriptor property
eta_beta_ns,float,,PADEL Descriptor property
eta_beta_ns_d,float,,PADEL Descriptor property
eta_beta_s,float,,PADEL Descriptor property
eta_epsilon_1,float,,PADEL Descriptor property
eta_epsilon_2,float,,PADEL Descriptor property
eta_epsilon_3,float,,PADEL Descriptor property
eta_epsilon_4,float,,PADEL Descriptor property
eta_epsilon_5,float,,PADEL Descriptor property
eta_eta,float,,PADEL Descriptor property
eta_etap,float,,PADEL Descriptor property
eta_etap_b,float,,PADEL Descriptor property
eta_etap_b_rc,float,,PADEL Descriptor property
eta_etap_f,float,,PADEL Descriptor property
eta_etap_f_l,float,,PADEL Descriptor property
eta_etap_l,float,,PADEL Descriptor property
eta_eta_b,float,,PADEL Descriptor property
eta_eta_b_rc,float,,PADEL Descriptor property
eta_eta_f,float,,PADEL Descriptor property
eta_eta_f_l,float,,PADEL Descriptor property
eta_eta_l,float,,PADEL Descriptor property
eta_eta_r,float,,PADEL Descriptor property
eta_eta_r_l,float,,PADEL Descriptor property
eta_psi_1,float,,PADEL Descriptor property
eta_shape_p,float,,PADEL Descriptor property
eta_shape_x,float,,PADEL Descriptor property
eta_shape_y,float,,PADEL Descriptor property
eta_dalpha_a,float,,PADEL Descriptor property
eta_dalpha_b,float,,PADEL Descriptor property
eta_dbeta,float,,PADEL Descriptor property
eta_dbetap,float,,PADEL Descriptor property
eta_depsilon_a,float,,PADEL Descriptor property
eta_depsilon_b,float,,PADEL Descriptor property
eta_depsilon_c,float,,PADEL Descriptor property
eta_depsilon_d,float,,PADEL Descriptor property
eta_dpsi_a,float,,PADEL Descriptor property
eta_dpsi_b,float,,PADEL Descriptor property
fmf,float,,PADEL Descriptor property
fnsa_1,float,,PADEL Descriptor property
fnsa_2,float,,PADEL Descriptor property
fnsa_3,float,,PADEL Descriptor property
fpsa_1,float,,PADEL Descriptor property
fpsa_2,float,,PADEL Descriptor property
fpsa_3,float,,PADEL Descriptor property
gats1c,float,,PADEL Descriptor property
gats1e,float,,PADEL Descriptor property
gats1i,float,,PADEL Descriptor property
gats1m,float,,PADEL Descriptor property
gats1p,float,,PADEL Descriptor property
gats1s,float,,PADEL Descriptor property
gats1v,float,,PADEL Descriptor property
gats2c,float,,PADEL Descriptor property
gats2e,float,,PADEL Descriptor property
gats2i,float,,PADEL Descriptor property
gats2m,float,,PADEL Descriptor property
gats2p,float,,PADEL Descriptor property
gats2s,float,,PADEL Descriptor property
gats2v,float,,PADEL Descriptor property
gats3c,float,,PADEL Descriptor property
gats3e,float,,PADEL Descriptor property
gats3i,float,,PADEL Descriptor property
gats3m,float,,PADEL Descriptor property
gats3p,float,,PADEL Descriptor property
gats3s,float,,PADEL Descriptor property
gats3v,float,,PADEL Descriptor property
gats4c,float,,PADEL Descriptor property
gats4e,float,,PADEL Descriptor property
gats4i,float,,PADEL Descriptor property
gats4m,float,,PADEL Descriptor property
gats4p,float,,PADEL Descriptor property
gats4s,float,,PADEL Descriptor property
gats4v,float,,PADEL Descriptor property
gats5c,float,,PADEL Descriptor property
gats5e,float,,PADEL Descriptor property
gats5i,float,,PADEL Descriptor property
gats5m,float,,PADEL Descriptor property
gats5p,float,,PADEL Descriptor property
gats5s,float,,PADEL Descriptor property
gats5v,float,,PADEL Descriptor property
gats6c,float,,PADEL Descriptor property
gats6e,float,,PADEL Descriptor property
gats6i,float,,PADEL Descriptor property
gats6m,float,,PADEL Descriptor property
gats6p,float,,PADEL Descriptor property
gats6s,float,,PADEL Descriptor property
gats6v,float,,PADEL Descriptor property
gats7c,float,,PADEL Descriptor property
gats7e,float,,PADEL Descriptor property
gats7i,float,,PADEL Descriptor property
gats7m,float,,PADEL Descriptor property
gats7p,float,,PADEL Descriptor property
gats7s,float,,PADEL Descriptor property
gats7v,float,,PADEL Descriptor property
gats8c,float,,PADEL Descriptor property
gats8e,float,,PADEL Descriptor property
gats8i,float,,PADEL Descriptor property
gats8m,float,,PADEL Descriptor property
gats8p,float,,PADEL Descriptor property
gats8s,float,,PADEL Descriptor property
gats8v,float,,PADEL Descriptor property
ggi1,float,,PADEL Descriptor property
ggi10,float,,PADEL Descriptor property
ggi2,float,,PADEL Descriptor property
ggi3,float,,PADEL Descriptor property
ggi4,float,,PADEL Descriptor property
ggi5,float,,PADEL Descriptor property
ggi6,float,,PADEL Descriptor property
ggi7,float,,PADEL Descriptor property
ggi8,float,,PADEL Descriptor property
ggi9,float,,PADEL Descriptor property
grav_1,float,,PADEL Descriptor property
grav_2,float,,PADEL Descriptor property
grav_3,float,,PADEL Descriptor property
grav_4,float,,PADEL Descriptor property
grav_5,float,,PADEL Descriptor property
grav_6,float,,PADEL Descriptor property
gravh_1,float,,PADEL Descriptor property
gravh_2,float,,PADEL Descriptor property
gravh_3,float,,PADEL Descriptor property
hybratio,float,,PADEL Descriptor property
ic0,float,,PADEL Descriptor property
ic1,float,,PADEL Descriptor property
ic2,float,,PADEL Descriptor property
ic3,float,,PADEL Descriptor property
ic4,float,,PADEL Descriptor property
ic5,float,,PADEL Descriptor property
jgi1,float,,PADEL Descriptor property
jgi10,float,,PADEL Descriptor property
jgi2,float,,PADEL Descriptor property
jgi3,float,,PADEL Descriptor property
jgi4,float,,PADEL Descriptor property
jgi5,float,,PADEL Descriptor property
jgi6,float,,PADEL Descriptor property
jgi7,float,,PADEL Descriptor property
jgi8,float,,PADEL Descriptor property
jgi9,float,,PADEL Descriptor property
jgt,float,,PADEL Descriptor property
ke,float,,PADEL Descriptor property
ki,float,,PADEL Descriptor property
kier1,float,,PADEL Descriptor property
kier2,float,,PADEL Descriptor property
kier3,float,,PADEL Descriptor property
km,float,,PADEL Descriptor property
kp,float,,PADEL Descriptor property
ks,float,,PADEL Descriptor property
ku,float,,PADEL Descriptor property
kv,float,,PADEL Descriptor property
l1e,float,,PADEL Descriptor property
l1i,float,,PADEL Descriptor property
l1m,float,,PADEL Descriptor property
l1p,float,,PADEL Descriptor property
l1s,float,,PADEL Descriptor property
l1u,float,,PADEL Descriptor property
l1v,float,,PADEL Descriptor property
l2e,float,,PADEL Descriptor property
l2i,float,,PADEL Descriptor property
l2m,float,,PADEL Descriptor property
l2p,float,,PADEL Descriptor property
l2s,float,,PADEL Descriptor property
l2u,float,,PADEL Descriptor property
l2v,float,,PADEL Descriptor property
l3e,float,,PADEL Descriptor property
l3i,float,,PADEL Descriptor property
l3m,float,,PADEL Descriptor property
l3p,float,,PADEL Descriptor property
l3s,float,,PADEL Descriptor property
l3u,float,,PADEL Descriptor property
l3v,float,,PADEL Descriptor property
lobmax,float,,PADEL Descriptor property
lobmin,float,,PADEL Descriptor property
lipinskifailures,float,,PADEL Descriptor property
lipoaffinityindex,float,,PADEL Descriptor property
mats1c,float,,PADEL Descriptor property
mats1e,float,,PADEL Descriptor property
mats1i,float,,PADEL Descriptor property
mats1m,float,,PADEL Descriptor property
mats1p,float,,PADEL Descriptor property
mats1s,float,,PADEL Descriptor property
mats1v,float,,PADEL Descriptor property
mats2c,float,,PADEL Descriptor property
mats2e,float,,PADEL Descriptor property
mats2i,float,,PADEL Descriptor property
mats2m,float,,PADEL Descriptor property
mats2p,float,,PADEL Descriptor property
mats2s,float,,PADEL Descriptor property
mats2v,float,,PADEL Descriptor property
mats3c,float,,PADEL Descriptor property
mats3e,float,,PADEL Descriptor property
mats3i,float,,PADEL Descriptor property
mats3m,float,,PADEL Descriptor property
mats3p,float,,PADEL Descriptor property
mats3s,float,,PADEL Descriptor property
mats3v,float,,PADEL Descriptor property
mats4c,float,,PADEL Descriptor property
mats4e,float,,PADEL Descriptor property
mats4i,float,,PADEL Descriptor property
mats4m,float,,PADEL Descriptor property
mats4p,float,,PADEL Descriptor property
mats4s,float,,PADEL Descriptor property
mats4v,float,,PADEL Descriptor property
mats5c,float,,PADEL Descriptor property
mats5e,float,,PADEL Descriptor property
mats5i,float,,PADEL Descriptor property
mats5m,float,,PADEL Descriptor property
mats5p,float,,PADEL Descriptor property
mats5s,float,,PADEL Descriptor property
mats5v,float,,PADEL Descriptor property
mats6c,float,,PADEL Descriptor property
mats6e,float,,PADEL Descriptor property
mats6i,float,,PADEL Descriptor property
mats6m,float,,PADEL Descriptor property
mats6p,float,,PADEL Descriptor property
mats6s,float,,PADEL Descriptor property
mats6v,float,,PADEL Descriptor property
mats7c,float,,PADEL Descriptor property
mats7e,float,,PADEL Descriptor property
mats7i,float,,PADEL Descriptor property
mats7m,float,,PADEL Descriptor property
mats7p,float,,PADEL Descriptor property
mats7s,float,,PADEL Descriptor property
mats7v,float,,PADEL Descriptor property
mats8c,float,,PADEL Descriptor property
mats8e,float,,PADEL Descriptor property
mats8i,float,,PADEL Descriptor property
mats8m,float,,PADEL Descriptor property
mats8p,float,,PADEL Descriptor property
mats8s,float,,PADEL Descriptor property
mats8v,float,,PADEL Descriptor property
maxdn,float,,PADEL Descriptor property
maxdn2,float,,PADEL Descriptor property
maxdp,float,,PADEL Descriptor property
maxdp2,float,,PADEL Descriptor property
mdec_11,float,,PADEL Descriptor property
mdec_12,float,,PADEL Descriptor property
mdec_13,float,,PADEL Descriptor property
mdec_14,float,,PADEL Descriptor property
mdec_22,float,,PADEL Descriptor property
mdec_23,float,,PADEL Descriptor property
mdec_24,float,,PADEL Descriptor property
mdec_33,float,,PADEL Descriptor property
mdec_34,float,,PADEL Descriptor property
mdec_44,float,,PADEL Descriptor property
mden_11,float,,PADEL Descriptor property
mden_12,float,,PADEL Descriptor property
mden_13,float,,PADEL Descriptor property
mden_22,float,,PADEL Descriptor property
mden_23,float,,PADEL Descriptor property
mden_33,float,,PADEL Descriptor property
mdeo_11,float,,PADEL Descriptor property
mdeo_12,float,,PADEL Descriptor property
mdeo_22,float,,PADEL Descriptor property
mic0,float,,PADEL Descriptor property
mic1,float,,PADEL Descriptor property
mic2,float,,PADEL Descriptor property
mic3,float,,PADEL Descriptor property
mic4,float,,PADEL Descriptor property
mic5,float,,PADEL Descriptor property
mlfer_a,float,,PADEL Descriptor property
mlfer_bh,float,,PADEL Descriptor property
mlfer_bo,float,,PADEL Descriptor property
mlfer_e,float,,PADEL Descriptor property
mlfer_l,float,,PADEL Descriptor property
mlfer_s,float,,PADEL Descriptor property
mlogp,float,,PADEL Descriptor property
momi_r,float,,PADEL Descriptor property
momi_x,float,,PADEL Descriptor property
momi_xy,float,,PADEL Descriptor property
momi_xz,float,,PADEL Descriptor property
momi_y,float,,PADEL Descriptor property
momi_yz,float,,PADEL Descriptor property
momi_z,float,,PADEL Descriptor property
mpc10,float,,PADEL Descriptor property
mpc2,float,,PADEL Descriptor property
mpc3,float,,PADEL Descriptor property
mpc4,float,,PADEL Descriptor property
mpc5,float,,PADEL Descriptor property
mpc6,float,,PADEL Descriptor property
mpc7,float,,PADEL Descriptor property
mpc8,float,,PADEL Descriptor property
mpc9,float,,PADEL Descriptor property
mw,float,,PADEL Descriptor property
mwc10,float,,PADEL Descriptor property
mwc2,float,,PADEL Descriptor property
mwc3,float,,PADEL Descriptor property
mwc4,float,,PADEL Descriptor property
mwc5,float,,PADEL Descriptor property
mwc6,float,,PADEL Descriptor property
mwc7,float,,PADEL Descriptor property
mwc8,float,,PADEL Descriptor property
mwc9,float,,PADEL Descriptor property
mare,float,,PADEL Descriptor property
mcgowan_volume,float,,PADEL Descriptor property
mi,float,,PADEL Descriptor property
mp,float,,PADEL Descriptor property
mpe,float,,PADEL Descriptor property
mse,float,,PADEL Descriptor property
mv,float,,PADEL Descriptor property
p1e,float,,PADEL Descriptor property
p1i,float,,PADEL Descriptor property
p1m,float,,PADEL Descriptor property
p1p,float,,PADEL Descriptor property
p1s,float,,PADEL Descriptor property
p1u,float,,PADEL Descriptor property
p1v,float,,PADEL Descriptor property
p2e,float,,PADEL Descriptor property
p2i,float,,PADEL Descriptor property
p2m,float,,PADEL Descriptor property
p2p,float,,PADEL Descriptor property
p2s,float,,PADEL Descriptor property
p2u,float,,PADEL Descriptor property
p2v,float,,PADEL Descriptor property
pnsa_1,float,,PADEL Descriptor property
pnsa_2,float,,PADEL Descriptor property
pnsa_3,float,,PADEL Descriptor property
ppsa_1,float,,PADEL Descriptor property
ppsa_2,float,,PADEL Descriptor property
ppsa_3,float,,PADEL Descriptor property
petitjeannumber,float,,PADEL Descriptor property
rdf100e,float,,PADEL Descriptor property
rdf100i,float,,PADEL Descriptor property
rdf100m,float,,PADEL Descriptor property
rdf100p,float,,PADEL Descriptor property
rdf100s,float,,PADEL Descriptor property
rdf100u,float,,PADEL Descriptor property
rdf100v,float,,PADEL Descriptor property
rdf105e,float,,PADEL Descriptor property
rdf105i,float,,PADEL Descriptor property
rdf105m,float,,PADEL Descriptor property
rdf105p,float,,PADEL Descriptor property
rdf105s,float,,PADEL Descriptor property
rdf105u,float,,PADEL Descriptor property
rdf105v,float,,PADEL Descriptor property
rdf10e,float,,PADEL Descriptor property
rdf10i,float,,PADEL Descriptor property
rdf10m,float,,PADEL Descriptor property
rdf10p,float,,PADEL Descriptor property
rdf10s,float,,PADEL Descriptor property
rdf10u,float,,PADEL Descriptor property
rdf10v,float,,PADEL Descriptor property
rdf110e,float,,PADEL Descriptor property
rdf110i,float,,PADEL Descriptor property
rdf110m,float,,PADEL Descriptor property
rdf110p,float,,PADEL Descriptor property
rdf110s,float,,PADEL Descriptor property
rdf110u,float,,PADEL Descriptor property
rdf110v,float,,PADEL Descriptor property
rdf115e,float,,PADEL Descriptor property
rdf115i,float,,PADEL Descriptor property
rdf115m,float,,PADEL Descriptor property
rdf115p,float,,PADEL Descriptor property
rdf115s,float,,PADEL Descriptor property
rdf115u,float,,PADEL Descriptor property
rdf115v,float,,PADEL Descriptor property
rdf120e,float,,PADEL Descriptor property
rdf120i,float,,PADEL Descriptor property
rdf120m,float,,PADEL Descriptor property
rdf120p,float,,PADEL Descriptor property
rdf120s,float,,PADEL Descriptor property
rdf120u,float,,PADEL Descriptor property
rdf120v,float,,PADEL Descriptor property
rdf125e,float,,PADEL Descriptor property
rdf125i,float,,PADEL Descriptor property
rdf125m,float,,PADEL Descriptor property
rdf125p,float,,PADEL Descriptor property
rdf125s,float,,PADEL Descriptor property
rdf125u,float,,PADEL Descriptor property
rdf125v,float,,PADEL Descriptor property
rdf130e,float,,PADEL Descriptor property
rdf130i,float,,PADEL Descriptor property
rdf130m,float,,PADEL Descriptor property
rdf130p,float,,PADEL Descriptor property
rdf130s,float,,PADEL Descriptor property
rdf130u,float,,PADEL Descriptor property
rdf130v,float,,PADEL Descriptor property
rdf135e,float,,PADEL Descriptor property
rdf135i,float,,PADEL Descriptor property
rdf135m,float,,PADEL Descriptor property
rdf135p,float,,PADEL Descriptor property
rdf135s,float,,PADEL Descriptor property
rdf135u,float,,PADEL Descriptor property
rdf135v,float,,PADEL Descriptor property
rdf140e,float,,PADEL Descriptor property
rdf140i,float,,PADEL Descriptor property
rdf140m,float,,PADEL Descriptor property
rdf140p,float,,PADEL Descriptor property
rdf140s,float,,PADEL Descriptor property
rdf140u,float,,PADEL Descriptor property
rdf140v,float,,PADEL Descriptor property
rdf145e,float,,PADEL Descriptor property
rdf145i,float,,PADEL Descriptor property
rdf145m,float,,PADEL Descriptor property
rdf145p,float,,PADEL Descriptor property
rdf145s,float,,PADEL Descriptor property
rdf145u,float,,PADEL Descriptor property
rdf145v,float,,PADEL Descriptor property
rdf150e,float,,PADEL Descriptor property
rdf150i,float,,PADEL Descriptor property
rdf150m,float,,PADEL Descriptor property
rdf150p,float,,PADEL Descriptor property
rdf150s,float,,PADEL Descriptor property
rdf150u,float,,PADEL Descriptor property
rdf150v,float,,PADEL Descriptor property
rdf155e,float,,PADEL Descriptor property
rdf155i,float,,PADEL Descriptor property
rdf155m,float,,PADEL Descriptor property
rdf155p,float,,PADEL Descriptor property
rdf155s,float,,PADEL Descriptor property
rdf155u,float,,PADEL Descriptor property
rdf155v,float,,PADEL Descriptor property
rdf15e,float,,PADEL Descriptor property
rdf15i,float,,PADEL Descriptor property
rdf15m,float,,PADEL Descriptor property
rdf15p,float,,PADEL Descriptor property
rdf15s,float,,PADEL Descriptor property
rdf15u,float,,PADEL Descriptor property
rdf15v,float,,PADEL Descriptor property
rdf20e,float,,PADEL Descriptor property
rdf20i,float,,PADEL Descriptor property
rdf20m,float,,PADEL Descriptor property
rdf20p,float,,PADEL Descriptor property
rdf20s,float,,PADEL Descriptor property
rdf20u,float,,PADEL Descriptor property
rdf20v,float,,PADEL Descriptor property
rdf25e,float,,PADEL Descriptor property
rdf25i,float,,PADEL Descriptor property
rdf25m,float,,PADEL Descriptor property
rdf25p,float,,PADEL Descriptor property
rdf25s,float,,PADEL Descriptor property
rdf25u,float,,PADEL Descriptor property
rdf25v,float,,PADEL Descriptor property
rdf30e,float,,PADEL Descriptor property
rdf30i,float,,PADEL Descriptor property
rdf30m,float,,PADEL Descriptor property
rdf30p,float,,PADEL Descriptor property
rdf30s,float,,PADEL Descriptor property
rdf30u,float,,PADEL Descriptor property
rdf30v,float,,PADEL Descriptor property
rdf35e,float,,PADEL Descriptor property
rdf35i,float,,PADEL Descriptor property
rdf35m,float,,PADEL Descriptor property
rdf35p,float,,PADEL Descriptor property
rdf35s,float,,PADEL Descriptor property
rdf35u,float,,PADEL Descriptor property
rdf35v,float,,PADEL Descriptor property
rdf40e,float,,PADEL Descriptor property
rdf40i,float,,PADEL Descriptor property
rdf40m,float,,PADEL Descriptor property
rdf40p,float,,PADEL Descriptor property
rdf40s,float,,PADEL Descriptor property
rdf40u,float,,PADEL Descriptor property
rdf40v,float,,PADEL Descriptor property
rdf45e,float,,PADEL Descriptor property
rdf45i,float,,PADEL Descriptor property
rdf45m,float,,PADEL Descriptor property
rdf45p,float,,PADEL Descriptor property
rdf45s,float,,PADEL Descriptor property
rdf45u,float,,PADEL Descriptor property
rdf45v,float,,PADEL Descriptor property
rdf50e,float,,PADEL Descriptor property
rdf50i,float,,PADEL Descriptor property
rdf50m,float,,PADEL Descriptor property
rdf50p,float,,PADEL Descriptor property
rdf50s,float,,PADEL Descriptor property
rdf50u,float,,PADEL Descriptor property
rdf50v,float,,PADEL Descriptor property
rdf55e,float,,PADEL Descriptor property
rdf55i,float,,PADEL Descriptor property
rdf55m,float,,PADEL Descriptor property
rdf55p,float,,PADEL Descriptor property
rdf55s,float,,PADEL Descriptor property
rdf55u,float,,PADEL Descriptor property
rdf55v,float,,PADEL Descriptor property
rdf60e,float,,PADEL Descriptor property
rdf60i,float,,PADEL Descriptor property
rdf60m,float,,PADEL Descriptor property
rdf60p,float,,PADEL Descriptor property
rdf60s,float,,PADEL Descriptor property
rdf60u,float,,PADEL Descriptor property
rdf60v,float,,PADEL Descriptor property
rdf65e,float,,PADEL Descriptor property
rdf65i,float,,PADEL Descriptor property
rdf65m,float,,PADEL Descriptor property
rdf65p,float,,PADEL Descriptor property
rdf65s,float,,PADEL Descriptor property
rdf65u,float,,PADEL Descriptor property
rdf65v,float,,PADEL Descriptor property
rdf70e,float,,PADEL Descriptor property
rdf70i,float,,PADEL Descriptor property
rdf70m,float,,PADEL Descriptor property
rdf70p,float,,PADEL Descriptor property
rdf70s,float,,PADEL Descriptor property
rdf70u,float,,PADEL Descriptor property
rdf70v,float,,PADEL Descriptor property
rdf75e,float,,PADEL Descriptor property
rdf75i,float,,PADEL Descriptor property
rdf75m,float,,PADEL Descriptor property
rdf75p,float,,PADEL Descriptor property
rdf75s,float,,PADEL Descriptor property
rdf75u,float,,PADEL Descriptor property
rdf75v,float,,PADEL Descriptor property
rdf80e,float,,PADEL Descriptor property
rdf80i,float,,PADEL Descriptor property
rdf80m,float,,PADEL Descriptor property
rdf80p,float,,PADEL Descriptor property
rdf80s,float,,PADEL Descriptor property
rdf80u,float,,PADEL Descriptor property
rdf80v,float,,PADEL Descriptor property
rdf85e,float,,PADEL Descriptor property
rdf85i,float,,PADEL Descriptor property
rdf85m,float,,PADEL Descriptor property
rdf85p,float,,PADEL Descriptor property
rdf85s,float,,PADEL Descriptor property
rdf85u,float,,PADEL Descriptor property
rdf85v,float,,PADEL Descriptor property
rdf90e,float,,PADEL Descriptor property
rdf90i,float,,PADEL Descriptor property
rdf90m,float,,PADEL Descriptor property
rdf90p,float,,PADEL Descriptor property
rdf90s,float,,PADEL Descriptor property
rdf90u,float,,PADEL Descriptor property
rdf90v,float,,PADEL Descriptor property
rdf95e,float,,PADEL Descriptor property
rdf95i,float,,PADEL Descriptor property
rdf95m,float,,PADEL Descriptor property
rdf95p,float,,PADEL Descriptor property
rdf95s,float,,PADEL Descriptor property
rdf95u,float,,PADEL Descriptor property
rdf95v,float,,PADEL Descriptor property
rhsa,float,,PADEL Descriptor property
rncg,float,,PADEL Descriptor property
rncs,float,,PADEL Descriptor property
rpcg,float,,PADEL Descriptor property
rpcs,float,,PADEL Descriptor property
rpsa,float,,PADEL Descriptor property
r_tpipctpc,float,,PADEL Descriptor property
rotbfrac,float,,PADEL Descriptor property
rotbtfrac,float,,PADEL Descriptor property
sc_3,float,,PADEL Descriptor property
sc_4,float,,PADEL Descriptor property
sc_5,float,,PADEL Descriptor property
sc_6,float,,PADEL Descriptor property
sch_3,float,,PADEL Descriptor property
sch_4,float,,PADEL Descriptor property
sch_5,float,,PADEL Descriptor property
sch_6,float,,PADEL Descriptor property
sch_7,float,,PADEL Descriptor property
shavin,float,,PADEL Descriptor property
shba,float,,PADEL Descriptor property
shbd,float,,PADEL Descriptor property
shbint10,float,,PADEL Descriptor property
shbint2,float,,PADEL Descriptor property
shbint3,float,,PADEL Descriptor property
shbint4,float,,PADEL Descriptor property
shbint5,float,,PADEL Descriptor property
shbint6,float,,PADEL Descriptor property
shbint7,float,,PADEL Descriptor property
shbint8,float,,PADEL Descriptor property
shbint9,float,,PADEL Descriptor property
shchnx,float,,PADEL Descriptor property
shcsats,float,,PADEL Descriptor property
shcsatu,float,,PADEL Descriptor property
shaach,float,,PADEL Descriptor property
shaanh,float,,PADEL Descriptor property
shdch2,float,,PADEL Descriptor property
shdnh,float,,PADEL Descriptor property
shdsch,float,,PADEL Descriptor property
shmisc,float,,PADEL Descriptor property
shother,float,,PADEL Descriptor property
shsnh2,float,,PADEL Descriptor property
shsnh3p,float,,PADEL Descriptor property
shsoh,float,,PADEL Descriptor property
shssh,float,,PADEL Descriptor property
shssnh,float,,PADEL Descriptor property
shssnh2p,float,,PADEL Descriptor property
shsssnhp,float,,PADEL Descriptor property
shtch,float,,PADEL Descriptor property
sic0,float,,PADEL Descriptor property
sic1,float,,PADEL Descriptor property
sic2,float,,PADEL Descriptor property
sic3,float,,PADEL Descriptor property
sic4,float,,PADEL Descriptor property
sic5,float,,PADEL Descriptor property
sm1_dzz,float,,PADEL Descriptor property
sm1_dze,float,,PADEL Descriptor property
sm1_dzi,float,,PADEL Descriptor property
sm1_dzm,float,,PADEL Descriptor property
sm1_dzp,float,,PADEL Descriptor property
sm1_dzs,float,,PADEL Descriptor property
sm1_dzv,float,,PADEL Descriptor property
sp_0,float,,PADEL Descriptor property
sp_1,float,,PADEL Descriptor property
sp_2,float,,PADEL Descriptor property
sp_3,float,,PADEL Descriptor property
sp_4,float,,PADEL Descriptor property
sp_5,float,,PADEL Descriptor property
sp_6,float,,PADEL Descriptor property
sp_7,float,,PADEL Descriptor property
spc_4,float,,PADEL Descriptor property
spc_5,float,,PADEL Descriptor property
spc_6,float,,PADEL Descriptor property
srw10,float,,PADEL Descriptor property
srw2,float,,PADEL Descriptor property
srw3,float,,PADEL Descriptor property
srw4,float,,PADEL Descriptor property
srw5,float,,PADEL Descriptor property
srw6,float,,PADEL Descriptor property
srw7,float,,PADEL Descriptor property
srw8,float,,PADEL Descriptor property
srw9,float,,PADEL Descriptor property
ssm,float,,PADEL Descriptor property
saom,float,,PADEL Descriptor property
saach,float,,PADEL Descriptor property
saan,float,,PADEL Descriptor property
saanh,float,,PADEL Descriptor property
saao,float,,PADEL Descriptor property
saas,float,,PADEL Descriptor property
saase,float,,PADEL Descriptor property
saaac,float,,PADEL Descriptor property
saasc,float,,PADEL Descriptor property
saasn,float,,PADEL Descriptor property
sare,float,,PADEL Descriptor property
sdch2,float,,PADEL Descriptor property
sdnh,float,,PADEL Descriptor property
sdo,float,,PADEL Descriptor property
sds,float,,PADEL Descriptor property
sdse,float,,PADEL Descriptor property
sddc,float,,PADEL Descriptor property
sddsas,float,,PADEL Descriptor property
sddsn,float,,PADEL Descriptor property
sddsp,float,,PADEL Descriptor property
sddsss,float,,PADEL Descriptor property
sddssse,float,,PADEL Descriptor property
sdsch,float,,PADEL Descriptor property
sdsn,float,,PADEL Descriptor property
sdssc,float,,PADEL Descriptor property
sdsss,float,,PADEL Descriptor property
sdssse,float,,PADEL Descriptor property
sdsssas,float,,PADEL Descriptor property
sdsssp,float,,PADEL Descriptor property
si,float,,PADEL Descriptor property
sp,float,,PADEL Descriptor property
spad_d,float,,PADEL Descriptor property
spad_dt,float,,PADEL Descriptor property
spad_dzz,float,,PADEL Descriptor property
spad_dze,float,,PADEL Descriptor property
spad_dzi,float,,PADEL Descriptor property
spad_dzm,float,,PADEL Descriptor property
spad_dzp,float,,PADEL Descriptor property
spad_dzs,float,,PADEL Descriptor property
spad_dzv,float,,PADEL Descriptor property
spabs_dzz,float,,PADEL Descriptor property
spabs_dze,float,,PADEL Descriptor property
spabs_dzi,float,,PADEL Descriptor property
spabs_dzm,float,,PADEL Descriptor property
spabs_dzp,float,,PADEL Descriptor property
spabs_dzs,float,,PADEL Descriptor property
spabs_dzv,float,,PADEL Descriptor property
spdiam_d,float,,PADEL Descriptor property
spdiam_dt,float,,PADEL Descriptor property
spdiam_dzz,float,,PADEL Descriptor property
spdiam_dze,float,,PADEL Descriptor property
spdiam_dzi,float,,PADEL Descriptor property
spdiam_dzm,float,,PADEL Descriptor property
spdiam_dzp,float,,PADEL Descriptor property
spdiam_dzs,float,,PADEL Descriptor property
spdiam_dzv,float,,PADEL Descriptor property
spmad_d,float,,PADEL Descriptor property
spmad_dt,float,,PADEL Descriptor property
spmad_dzz,float,,PADEL Descriptor property
spmad_dze,float,,PADEL Descriptor property
spmad_dzi,float,,PADEL Descriptor property
spmad_dzm,float,,PADEL Descriptor property
spmad_dzp,float,,PADEL Descriptor property
spmad_dzs,float,,PADEL Descriptor property
spmad_dzv,float,,PADEL Descriptor property
spmax1_bhe,float,,PADEL Descriptor property
spmax1_bhi,float,,PADEL Descriptor property
spmax1_bhm,float,,PADEL Descriptor property
spmax1_bhp,float,,PADEL Descriptor property
spmax1_bhs,float,,PADEL Descriptor property
spmax1_bhv,float,,PADEL Descriptor property
spmax2_bhe,float,,PADEL Descriptor property
spmax2_bhi,float,,PADEL Descriptor property
spmax2_bhm,float,,PADEL Descriptor property
spmax2_bhp,float,,PADEL Descriptor property
spmax2_bhs,float,,PADEL Descriptor property
spmax2_bhv,float,,PADEL Descriptor property
spmax3_bhe,float,,PADEL Descriptor property
spmax3_bhi,float,,PADEL Descriptor property
spmax3_bhm,float,,PADEL Descriptor property
spmax3_bhp,float,,PADEL Descriptor property
spmax3_bhs,float,,PADEL Descriptor property
spmax3_bhv,float,,PADEL Descriptor property
spmax4_bhe,float,,PADEL Descriptor property
spmax4_bhi,float,,PADEL Descriptor property
spmax4_bhm,float,,PADEL Descriptor property
spmax4_bhp,float,,PADEL Descriptor property
spmax4_bhs,float,,PADEL Descriptor property
spmax4_bhv,float,,PADEL Descriptor property
spmax5_bhe,float,,PADEL Descriptor property
spmax5_bhi,float,,PADEL Descriptor property
spmax5_bhm,float,,PADEL Descriptor property
spmax5_bhp,float,,PADEL Descriptor property
spmax5_bhs,float,,PADEL Descriptor property
spmax5_bhv,float,,PADEL Descriptor property
spmax6_bhe,float,,PADEL Descriptor property
spmax6_bhi,float,,PADEL Descriptor property
spmax6_bhm,float,,PADEL Descriptor property
spmax6_bhp,float,,PADEL Descriptor property
spmax6_bhs,float,,PADEL Descriptor property
spmax6_bhv,float,,PADEL Descriptor property
spmax7_bhe,float,,PADEL Descriptor property
spmax7_bhi,float,,PADEL Descriptor property
spmax7_bhm,float,,PADEL Descriptor property
spmax7_bhp,float,,PADEL Descriptor property
spmax7_bhs,float,,PADEL Descriptor property
spmax7_bhv,float,,PADEL Descriptor property
spmax8_bhe,float,,PADEL Descriptor property
spmax8_bhi,float,,PADEL Descriptor property
spmax8_bhm,float,,PADEL Descriptor property
spmax8_bhp,float,,PADEL Descriptor property
spmax8_bhs,float,,PADEL Descriptor property
spmax8_bhv,float,,PADEL Descriptor property
spmax_d,float,,PADEL Descriptor property
spmax_dt,float,,PADEL Descriptor property
spmax_dzz,float,,PADEL Descriptor property
spmax_dze,float,,PADEL Descriptor property
spmax_dzi,float,,PADEL Descriptor property
spmax_dzm,float,,PADEL Descriptor property
spmax_dzp,float,,PADEL Descriptor property
spmax_dzs,float,,PADEL Descriptor property
spmax_dzv,float,,PADEL Descriptor property
spmin1_bhe,float,,PADEL Descriptor property
spmin1_bhi,float,,PADEL Descriptor property
spmin1_bhm,float,,PADEL Descriptor property
spmin1_bhp,float,,PADEL Descriptor property
spmin1_bhs,float,,PADEL Descriptor property
spmin1_bhv,float,,PADEL Descriptor property
spmin2_bhe,float,,PADEL Descriptor property
spmin2_bhi,float,,PADEL Descriptor property
spmin2_bhm,float,,PADEL Descriptor property
spmin2_bhp,float,,PADEL Descriptor property
spmin2_bhs,float,,PADEL Descriptor property
spmin2_bhv,float,,PADEL Descriptor property
spmin3_bhe,float,,PADEL Descriptor property
spmin3_bhi,float,,PADEL Descriptor property
spmin3_bhm,float,,PADEL Descriptor property
spmin3_bhp,float,,PADEL Descriptor property
spmin3_bhs,float,,PADEL Descriptor property
spmin3_bhv,float,,PADEL Descriptor property
spmin4_bhe,float,,PADEL Descriptor property
spmin4_bhi,float,,PADEL Descriptor property
spmin4_bhm,float,,PADEL Descriptor property
spmin4_bhp,float,,PADEL Descriptor property
spmin4_bhs,float,,PADEL Descriptor property
spmin4_bhv,float,,PADEL Descriptor property
spmin5_bhe,float,,PADEL Descriptor property
spmin5_bhi,float,,PADEL Descriptor property
spmin5_bhm,float,,PADEL Descriptor property
spmin5_bhp,float,,PADEL Descriptor property
spmin5_bhs,float,,PADEL Descriptor property
spmin5_bhv,float,,PADEL Descriptor property
spmin6_bhe,float,,PADEL Descriptor property
spmin6_bhi,float,,PADEL Descriptor property
spmin6_bhm,float,,PADEL Descriptor property
spmin6_bhp,float,,PADEL Descriptor property
spmin6_bhs,float,,PADEL Descriptor property
spmin6_bhv,float,,PADEL Descriptor property
spmin7_bhe,float,,PADEL Descriptor property
spmin7_bhi,float,,PADEL Descriptor property
spmin7_bhm,float,,PADEL Descriptor property
spmin7_bhp,float,,PADEL Descriptor property
spmin7_bhs,float,,PADEL Descriptor property
spmin7_bhv,float,,PADEL Descriptor property
spmin8_bhe,float,,PADEL Descriptor property
spmin8_bhi,float,,PADEL Descriptor property
spmin8_bhm,float,,PADEL Descriptor property
spmin8_bhp,float,,PADEL Descriptor property
spmin8_bhs,float,,PADEL Descriptor property
spmin8_bhv,float,,PADEL Descriptor property
spe,float,,PADEL Descriptor property
ssash2,float,,PADEL Descriptor property
ssbh2,float,,PADEL Descriptor property
ssbr,float,,PADEL Descriptor property
ssch3,float,,PADEL Descriptor property
sscl,float,,PADEL Descriptor property
ssf,float,,PADEL Descriptor property
ssgeh3,float,,PADEL Descriptor property
ssi,float,,PADEL Descriptor property
ssli,float,,PADEL Descriptor property
ssnh2,float,,PADEL Descriptor property
ssnh3p,float,,PADEL Descriptor property
ssoh,float,,PADEL Descriptor property
ssom,float,,PADEL Descriptor property
ssph2,float,,PADEL Descriptor property
sspbh3,float,,PADEL Descriptor property
sssh,float,,PADEL Descriptor property
ssseh,float,,PADEL Descriptor property
sssih3,float,,PADEL Descriptor property
sssnh3,float,,PADEL Descriptor property
sse,float,,PADEL Descriptor property
sssash,float,,PADEL Descriptor property
sssbh,float,,PADEL Descriptor property
sssbe,float,,PADEL Descriptor property
sssch2,float,,PADEL Descriptor property
sssgeh2,float,,PADEL Descriptor property
sssnh,float,,PADEL Descriptor property
sssnh2p,float,,PADEL Descriptor property
ssso,float,,PADEL Descriptor property
sssph,float,,PADEL Descriptor property
ssspbh2,float,,PADEL Descriptor property
ssss,float,,PADEL Descriptor property
sssse,float,,PADEL Descriptor property
ssssih2,float,,PADEL Descriptor property
ssssnh2,float,,PADEL Descriptor property
ssssas,float,,PADEL Descriptor property
ssssb,float,,PADEL Descriptor property
ssssch,float,,PADEL Descriptor property
ssssgeh,float,,PADEL Descriptor property
ssssn,float,,PADEL Descriptor property
ssssnhp,float,,PADEL Descriptor property
ssssp,float,,PADEL Descriptor property
sssspbh,float,,PADEL Descriptor property
sssssih,float,,PADEL Descriptor property
sssssnh,float,,PADEL Descriptor property
sssssbem,float,,PADEL Descriptor property
sssssbm,float,,PADEL Descriptor property
sssssc,float,,PADEL Descriptor property
sssssge,float,,PADEL Descriptor property
sssssnp,float,,PADEL Descriptor property
ssssspb,float,,PADEL Descriptor property
ssssssi,float,,PADEL Descriptor property
ssssssn,float,,PADEL Descriptor property
ssssssas,float,,PADEL Descriptor property
ssssssp,float,,PADEL Descriptor property
ssssssss,float,,PADEL Descriptor property
sssssssse,float,,PADEL Descriptor property
stch,float,,PADEL Descriptor property
stn,float,,PADEL Descriptor property
stsc,float,,PADEL Descriptor property
sv,float,,PADEL Descriptor property
swhba,float,,PADEL Descriptor property
swhbd,float,,PADEL Descriptor property
tdb10e,float,,PADEL Descriptor property
tdb10i,float,,PADEL Descriptor property
tdb10m,float,,PADEL Descriptor property
tdb10p,float,,PADEL Descriptor property
tdb10r,float,,PADEL Descriptor property
tdb10s,float,,PADEL Descriptor property
tdb10u,float,,PADEL Descriptor property
tdb10v,float,,PADEL Descriptor property
tdb1e,float,,PADEL Descriptor property
tdb1i,float,,PADEL Descriptor property
tdb1m,float,,PADEL Descriptor property
tdb1p,float,,PADEL Descriptor property
tdb1r,float,,PADEL Descriptor property
tdb1s,float,,PADEL Descriptor property
tdb1u,float,,PADEL Descriptor property
tdb1v,float,,PADEL Descriptor property
tdb2e,float,,PADEL Descriptor property
tdb2i,float,,PADEL Descriptor property
tdb2m,float,,PADEL Descriptor property
tdb2p,float,,PADEL Descriptor property
tdb2r,float,,PADEL Descriptor property
tdb2s,float,,PADEL Descriptor property
tdb2u,float,,PADEL Descriptor property
tdb2v,float,,PADEL Descriptor property
tdb3e,float,,PADEL Descriptor property
tdb3i,float,,PADEL Descriptor property
tdb3m,float,,PADEL Descriptor property
tdb3p,float,,PADEL Descriptor property
tdb3r,float,,PADEL Descriptor property
tdb3s,float,,PADEL Descriptor property
tdb3u,float,,PADEL Descriptor property
tdb3v,float,,PADEL Descriptor property
tdb4e,float,,PADEL Descriptor property
tdb4i,float,,PADEL Descriptor property
tdb4m,float,,PADEL Descriptor property
tdb4p,float,,PADEL Descriptor property
tdb4r,float,,PADEL Descriptor property
tdb4s,float,,PADEL Descriptor property
tdb4u,float,,PADEL Descriptor property
tdb4v,float,,PADEL Descriptor property
tdb5e,float,,PADEL Descriptor property
tdb5i,float,,PADEL Descriptor property
tdb5m,float,,PADEL Descriptor property
tdb5p,float,,PADEL Descriptor property
tdb5r,float,,PADEL Descriptor property
tdb5s,float,,PADEL Descriptor property
tdb5u,float,,PADEL Descriptor property
tdb5v,float,,PADEL Descriptor property
tdb6e,float,,PADEL Descriptor property
tdb6i,float,,PADEL Descriptor property
tdb6m,float,,PADEL Descriptor property
tdb6p,float,,PADEL Descriptor property
tdb6r,float,,PADEL Descriptor property
tdb6s,float,,PADEL Descriptor property
tdb6u,float,,PADEL Descriptor property
tdb6v,float,,PADEL Descriptor property
tdb7e,float,,PADEL Descriptor property
tdb7i,float,,PADEL Descriptor property
tdb7m,float,,PADEL Descriptor property
tdb7p,float,,PADEL Descriptor property
tdb7r,float,,PADEL Descriptor property
tdb7s,float,,PADEL Descriptor property
tdb7u,float,,PADEL Descriptor property
tdb7v,float,,PADEL Descriptor property
tdb8e,float,,PADEL Descriptor property
tdb8i,float,,PADEL Descriptor property
tdb8m,float,,PADEL Descriptor property
tdb8p,float,,PADEL Descriptor property
tdb8r,float,,PADEL Descriptor property
tdb8s,float,,PADEL Descriptor property
tdb8u,float,,PADEL Descriptor property
tdb8v,float,,PADEL Descriptor property
tdb9e,float,,PADEL Descriptor property
tdb9i,float,,PADEL Descriptor property
tdb9m,float,,PADEL Descriptor property
tdb9p,float,,PADEL Descriptor property
tdb9r,float,,PADEL Descriptor property
tdb9s,float,,PADEL Descriptor property
tdb9u,float,,PADEL Descriptor property
tdb9v,float,,PADEL Descriptor property
thsa,float,,PADEL Descriptor property
tic0,float,,PADEL Descriptor property
tic1,float,,PADEL Descriptor property
tic2,float,,PADEL Descriptor property
tic3,float,,PADEL Descriptor property
tic4,float,,PADEL Descriptor property
tic5,float,,PADEL Descriptor property
tpc,float,,PADEL Descriptor property
tpsa,float,,PADEL Descriptor property
tsrw,float,,PADEL Descriptor property
twc,float,,PADEL Descriptor property
te,float,,PADEL Descriptor property
ti,float,,PADEL Descriptor property
tm,float,,PADEL Descriptor property
topopsa,float,,PADEL Descriptor property
tp,float,,PADEL Descriptor property
tpipc,float,,PADEL Descriptor property
ts,float,,PADEL Descriptor property
tu,float,,PADEL Descriptor property
tv,float,,PADEL Descriptor property
vabc,float,,PADEL Descriptor property
vadjmat,float,,PADEL Descriptor property
vc_3,float,,PADEL Descriptor property
vc_4,float,,PADEL Descriptor property
vc_5,float,,PADEL Descriptor property
vc_6,float,,PADEL Descriptor property
vch_3,float,,PADEL Descriptor property
vch_4,float,,PADEL Descriptor property
vch_5,float,,PADEL Descriptor property
vch_6,float,,PADEL Descriptor property
vch_7,float,,PADEL Descriptor property
ve1_d,float,,PADEL Descriptor property
ve1_dt,float,,PADEL Descriptor property
ve1_dzz,float,,PADEL Descriptor property
ve1_dze,float,,PADEL Descriptor property
ve1_dzi,float,,PADEL Descriptor property
ve1_dzm,float,,PADEL Descriptor property
ve1_dzp,float,,PADEL Descriptor property
ve1_dzs,float,,PADEL Descriptor property
ve1_dzv,float,,PADEL Descriptor property
ve2_d,float,,PADEL Descriptor property
ve2_dt,float,,PADEL Descriptor property
ve2_dzz,float,,PADEL Descriptor property
ve2_dze,float,,PADEL Descriptor property
ve2_dzi,float,,PADEL Descriptor property
ve2_dzm,float,,PADEL Descriptor property
ve2_dzp,float,,PADEL Descriptor property
ve2_dzs,float,,PADEL Descriptor property
ve2_dzv,float,,PADEL Descriptor property
ve3_d,float,,PADEL Descriptor property
ve3_dt,float,,PADEL Descriptor property
ve3_dzz,float,,PADEL Descriptor property
ve3_dze,float,,PADEL Descriptor property
ve3_dzi,float,,PADEL Descriptor property
ve3_dzm,float,,PADEL Descriptor property
ve3_dzp,float,,PADEL Descriptor property
ve3_dzs,float,,PADEL Descriptor property
ve3_dzv,float,,PADEL Descriptor property
vp_0,float,,PADEL Descriptor property
vp_1,float,,PADEL Descriptor property
vp_2,float,,PADEL Descriptor property
vp_3,float,,PADEL Descriptor property
vp_4,float,,PADEL Descriptor property
vp_5,float,,PADEL Descriptor property
vp_6,float,,PADEL Descriptor property
vp_7,float,,PADEL Descriptor property
vpc_4,float,,PADEL Descriptor property
vpc_5,float,,PADEL Descriptor property
vpc_6,float,,PADEL Descriptor property
vr1_d,float,,PADEL Descriptor property
vr1_dt,float,,PADEL Descriptor property
vr1_dzz,float,,PADEL Descriptor property
vr1_dze,float,,PADEL Descriptor property
vr1_dzi,float,,PADEL Descriptor property
vr1_dzm,float,,PADEL Descriptor property
vr1_dzp,float,,PADEL Descriptor property
vr1_dzs,float,,PADEL Descriptor property
vr1_dzv,float,,PADEL Descriptor property
vr2_d,float,,PADEL Descriptor property
vr2_dt,float,,PADEL Descriptor property
vr2_dzz,float,,PADEL Descriptor property
vr2_dze,float,,PADEL Descriptor property
vr2_dzi,float,,PADEL Descriptor property
vr2_dzm,float,,PADEL Descriptor property
vr2_dzp,float,,PADEL Descriptor property
vr2_dzs,float,,PADEL Descriptor property
vr2_dzv,float,,PADEL Descriptor property
vr3_d,float,,PADEL Descriptor property
vr3_dt,float,,PADEL Descriptor property
vr3_dzz,float,,PADEL Descriptor property
vr3_dze,float,,PADEL Descriptor property
vr3_dzi,float,,PADEL Descriptor property
vr3_dzm,float,,PADEL Descriptor property
vr3_dzp,float,,PADEL Descriptor property
vr3_dzs,float,,PADEL Descriptor property
vr3_dzv,float,,PADEL Descriptor property
ve,float,,PADEL Descriptor property
vi,float,,PADEL Descriptor property
vm,float,,PADEL Descriptor property
vp,float,,PADEL Descriptor property
vs,float,,PADEL Descriptor property
vu,float,,PADEL Descriptor property
vv,float,,PADEL Descriptor property
wnsa_1,float,,PADEL Descriptor property
wnsa_2,float,,PADEL Descriptor property
wnsa_3,float,,PADEL Descriptor property
wpath,float,,PADEL Descriptor property
wpol,float,,PADEL Descriptor property
wpsa_1,float,,PADEL Descriptor property
wpsa_2,float,,PADEL Descriptor property
wpsa_3,float,,PADEL Descriptor property
wtpt_1,float,,PADEL Descriptor property
wtpt_2,float,,PADEL Descriptor property
wtpt_3,float,,PADEL Descriptor property
wtpt_4,float,,PADEL Descriptor property
wtpt_5,float,,PADEL Descriptor property
xlogp,float,,PADEL Descriptor property
zmic0,float,,PADEL Descriptor property
zmic1,float,,PADEL Descriptor property
zmic2,float,,PADEL Descriptor property
zmic3,float,,PADEL Descriptor property
zmic4,float,,PADEL Descriptor property
zmic5,float,,PADEL Descriptor property
zagreb,float,,PADEL Descriptor property
apol,float,,PADEL Descriptor property
bpol,float,,PADEL Descriptor property
fragc,float,,PADEL Descriptor property
geomdiameter,float,,PADEL Descriptor property
geomradius,float,,PADEL Descriptor property
geomshape,float,,PADEL Descriptor property
gmax,float,,PADEL Descriptor property
gmin,float,,PADEL Descriptor property
hmax,float,,PADEL Descriptor property
hmin,float,,PADEL Descriptor property
maxhavin,float,,PADEL Descriptor property
maxhba,float,,PADEL Descriptor property
maxhbd,float,,PADEL Descriptor property
maxhbint10,float,,PADEL Descriptor property
maxhbint2,float,,PADEL Descriptor property
maxhbint3,float,,PADEL Descriptor property
maxhbint4,float,,PADEL Descriptor property
maxhbint5,float,,PADEL Descriptor property
maxhbint6,float,,PADEL Descriptor property
maxhbint7,float,,PADEL Descriptor property
maxhbint8,float,,PADEL Descriptor property
maxhbint9,float,,PADEL Descriptor property
maxhchnx,float,,PADEL Descriptor property
maxhcsats,float,,PADEL Descriptor property
maxhcsatu,float,,PADEL Descriptor property
maxhaach,float,,PADEL Descriptor property
maxhaanh,float,,PADEL Descriptor property
maxhdch2,float,,PADEL Descriptor property
maxhdnh,float,,PADEL Descriptor property
maxhdsch,float,,PADEL Descriptor property
maxhmisc,float,,PADEL Descriptor property
maxhother,float,,PADEL Descriptor property
maxhsnh2,float,,PADEL Descriptor property
maxhsnh3p,float,,PADEL Descriptor property
maxhsoh,float,,PADEL Descriptor property
maxhssh,float,,PADEL Descriptor property
maxhssnh,float,,PADEL Descriptor property
maxhssnh2p,float,,PADEL Descriptor property
maxhsssnhp,float,,PADEL Descriptor property
maxhtch,float,,PADEL Descriptor property
maxsm,float,,PADEL Descriptor property
maxaom,float,,PADEL Descriptor property
maxaach,float,,PADEL Descriptor property
maxaan,float,,PADEL Descriptor property
maxaanh,float,,PADEL Descriptor property
maxaao,float,,PADEL Descriptor property
maxaas,float,,PADEL Descriptor property
maxaase,float,,PADEL Descriptor property
maxaaac,float,,PADEL Descriptor property
maxaasc,float,,PADEL Descriptor property
maxaasn,float,,PADEL Descriptor property
maxdch2,float,,PADEL Descriptor property
maxdnh,float,,PADEL Descriptor property
maxdo,float,,PADEL Descriptor property
maxds,float,,PADEL Descriptor property
maxdse,float,,PADEL Descriptor property
maxddc,float,,PADEL Descriptor property
maxddsas,float,,PADEL Descriptor property
maxddsn,float,,PADEL Descriptor property
maxddsp,float,,PADEL Descriptor property
maxddsss,float,,PADEL Descriptor property
maxddssse,float,,PADEL Descriptor property
maxdsch,float,,PADEL Descriptor property
maxdsn,float,,PADEL Descriptor property
maxdssc,float,,PADEL Descriptor property
maxdsss,float,,PADEL Descriptor property
maxdssse,float,,PADEL Descriptor property
maxdsssas,float,,PADEL Descriptor property
maxdsssp,float,,PADEL Descriptor property
maxsash2,float,,PADEL Descriptor property
maxsbh2,float,,PADEL Descriptor property
maxsbr,float,,PADEL Descriptor property
maxsch3,float,,PADEL Descriptor property
maxscl,float,,PADEL Descriptor property
maxsf,float,,PADEL Descriptor property
maxsgeh3,float,,PADEL Descriptor property
maxsi,float,,PADEL Descriptor property
maxsli,float,,PADEL Descriptor property
maxsnh2,float,,PADEL Descriptor property
maxsnh3p,float,,PADEL Descriptor property
maxsoh,float,,PADEL Descriptor property
maxsom,float,,PADEL Descriptor property
maxsph2,float,,PADEL Descriptor property
maxspbh3,float,,PADEL Descriptor property
maxssh,float,,PADEL Descriptor property
maxsseh,float,,PADEL Descriptor property
maxssih3,float,,PADEL Descriptor property
maxssnh3,float,,PADEL Descriptor property
maxssash,float,,PADEL Descriptor property
maxssbh,float,,PADEL Descriptor property
maxssbe,float,,PADEL Descriptor property
maxssch2,float,,PADEL Descriptor property
maxssgeh2,float,,PADEL Descriptor property
maxssnh,float,,PADEL Descriptor property
maxssnh2p,float,,PADEL Descriptor property
maxsso,float,,PADEL Descriptor property
maxssph,float,,PADEL Descriptor property
maxsspbh2,float,,PADEL Descriptor property
maxsss,float,,PADEL Descriptor property
maxssse,float,,PADEL Descriptor property
maxsssih2,float,,PADEL Descriptor property
maxsssnh2,float,,PADEL Descriptor property
maxsssas,float,,PADEL Descriptor property
maxsssb,float,,PADEL Descriptor property
maxsssch,float,,PADEL Descriptor property
maxsssgeh,float,,PADEL Descriptor property
maxsssn,float,,PADEL Descriptor property
maxsssnhp,float,,PADEL Descriptor property
maxsssp,float,,PADEL Descriptor property
maxssspbh,float,,PADEL Descriptor property
maxssssih,float,,PADEL Descriptor property
maxssssnh,float,,PADEL Descriptor property
maxssssbem,float,,PADEL Descriptor property
maxssssbm,float,,PADEL Descriptor property
maxssssc,float,,PADEL Descriptor property
maxssssge,float,,PADEL Descriptor property
maxssssnp,float,,PADEL Descriptor property
maxsssspb,float,,PADEL Descriptor property
maxsssssi,float,,PADEL Descriptor property
maxsssssn,float,,PADEL Descriptor property
maxsssssas,float,,PADEL Descriptor property
maxsssssp,float,,PADEL Descriptor property
maxsssssss,float,,PADEL Descriptor property
maxssssssse,float,,PADEL Descriptor property
maxtch,float,,PADEL Descriptor property
maxtn,float,,PADEL Descriptor property
maxtsc,float,,PADEL Descriptor property
maxwhba,float,,PADEL Descriptor property
maxwhbd,float,,PADEL Descriptor property
meani,float,,PADEL Descriptor property
minhavin,float,,PADEL Descriptor property
minhba,float,,PADEL Descriptor property
minhbd,float,,PADEL Descriptor property
minhbint10,float,,PADEL Descriptor property
minhbint2,float,,PADEL Descriptor property
minhbint3,float,,PADEL Descriptor property
minhbint4,float,,PADEL Descriptor property
minhbint5,float,,PADEL Descriptor property
minhbint6,float,,PADEL Descriptor property
minhbint7,float,,PADEL Descriptor property
minhbint8,float,,PADEL Descriptor property
minhbint9,float,,PADEL Descriptor property
minhchnx,float,,PADEL Descriptor property
minhcsats,float,,PADEL Descriptor property
minhcsatu,float,,PADEL Descriptor property
minhaach,float,,PADEL Descriptor property
minhaanh,float,,PADEL Descriptor property
minhdch2,float,,PADEL Descriptor property
minhdnh,float,,PADEL Descriptor property
minhdsch,float,,PADEL Descriptor property
minhmisc,float,,PADEL Descriptor property
minhother,float,,PADEL Descriptor property
minhsnh2,float,,PADEL Descriptor property
minhsnh3p,float,,PADEL Descriptor property
minhsoh,float,,PADEL Descriptor property
minhssh,float,,PADEL Descriptor property
minhssnh,float,,PADEL Descriptor property
minhssnh2p,float,,PADEL Descriptor property
minhsssnhp,float,,PADEL Descriptor property
minhtch,float,,PADEL Descriptor property
minsm,float,,PADEL Descriptor property
minaom,float,,PADEL Descriptor property
minaach,float,,PADEL Descriptor property
minaan,float,,PADEL Descriptor property
minaanh,float,,PADEL Descriptor property
minaao,float,,PADEL Descriptor property
minaas,float,,PADEL Descriptor property
minaase,float,,PADEL Descriptor property
minaaac,float,,PADEL Descriptor property
minaasc,float,,PADEL Descriptor property
minaasn,float,,PADEL Descriptor property
mindch2,float,,PADEL Descriptor property
mindnh,float,,PADEL Descriptor property
mindo,float,,PADEL Descriptor property
minds,float,,PADEL Descriptor property
mindse,float,,PADEL Descriptor property
minddc,float,,PADEL Descriptor property
minddsas,float,,PADEL Descriptor property
minddsn,float,,PADEL Descriptor property
minddsp,float,,PADEL Descriptor property
minddsss,float,,PADEL Descriptor property
minddssse,float,,PADEL Descriptor property
mindsch,float,,PADEL Descriptor property
mindsn,float,,PADEL Descriptor property
mindssc,float,,PADEL Descriptor property
mindsss,float,,PADEL Descriptor property
mindssse,float,,PADEL Descriptor property
mindsssas,float,,PADEL Descriptor property
mindsssp,float,,PADEL Descriptor property
minsash2,float,,PADEL Descriptor property
minsbh2,float,,PADEL Descriptor property
minsbr,float,,PADEL Descriptor property
minsch3,float,,PADEL Descriptor property
minscl,float,,PADEL Descriptor property
minsf,float,,PADEL Descriptor property
minsgeh3,float,,PADEL Descriptor property
minsi,float,,PADEL Descriptor property
minsli,float,,PADEL Descriptor property
minsnh2,float,,PADEL Descriptor property
minsnh3p,float,,PADEL Descriptor property
minsoh,float,,PADEL Descriptor property
minsom,float,,PADEL Descriptor property
minsph2,float,,PADEL Descriptor property
minspbh3,float,,PADEL Descriptor property
minssh,float,,PADEL Descriptor property
minsseh,float,,PADEL Descriptor property
minssih3,float,,PADEL Descriptor property
minssnh3,float,,PADEL Descriptor property
minssash,float,,PADEL Descriptor property
minssbh,float,,PADEL Descriptor property
minssbe,float,,PADEL Descriptor property
minssch2,float,,PADEL Descriptor property
minssgeh2,float,,PADEL Descriptor property
minssnh,float,,PADEL Descriptor property
minssnh2p,float,,PADEL Descriptor property
minsso,float,,PADEL Descriptor property
minssph,float,,PADEL Descriptor property
minsspbh2,float,,PADEL Descriptor property
minsss,float,,PADEL Descriptor property
minssse,float,,PADEL Descriptor property
minsssih2,float,,PADEL Descriptor property
minsssnh2,float,,PADEL Descriptor property
minsssas,float,,PADEL Descriptor property
minsssb,float,,PADEL Descriptor property
minsssch,float,,PADEL Descriptor property
minsssgeh,float,,PADEL Descriptor property
minsssn,float,,PADEL Descriptor property
minsssnhp,float,,PADEL Descriptor property
minsssp,float,,PADEL Descriptor property
minssspbh,float,,PADEL Descriptor property
minssssih,float,,PADEL Descriptor property
minssssnh,float,,PADEL Descriptor property
minssssbem,float,,PADEL Descriptor property
minssssbm,float,,PADEL Descriptor property
minssssc,float,,PADEL Descriptor property
minssssge,float,,PADEL Descriptor property
minssssnp,float,,PADEL Descriptor property
minsssspb,float,,PADEL Descriptor property
minsssssi,float,,PADEL Descriptor property
minsssssn,float,,PADEL Descriptor property
minsssssas,float,,PADEL Descriptor property
minsssssp,float,,PADEL Descriptor property
minsssssss,float,,PADEL Descriptor property
minssssssse,float,,PADEL Descriptor property
mintch,float,,PADEL Descriptor property
mintn,float,,PADEL Descriptor property
mintsc,float,,PADEL Descriptor property
minwhba,float,,PADEL Descriptor property
minwhbd,float,,PADEL Descriptor property
n10heteroring,float,,PADEL Descriptor property
n10ring,float,,PADEL Descriptor property
n11heteroring,float,,PADEL Descriptor property
n11ring,float,,PADEL Descriptor property
n12heteroring,float,,PADEL Descriptor property
n12ring,float,,PADEL Descriptor property
n3heteroring,float,,PADEL Descriptor property
n3ring,float,,PADEL Descriptor property
n4heteroring,float,,PADEL Descriptor property
n4ring,float,,PADEL Descriptor property
n5heteroring,float,,PADEL Descriptor property
n5ring,float,,PADEL Descriptor property
n6heteroring,float,,PADEL Descriptor property
n6ring,float,,PADEL Descriptor property
n7heteroring,float,,PADEL Descriptor property
n7ring,float,,PADEL Descriptor property
n8heteroring,float,,PADEL Descriptor property
n8ring,float,,PADEL Descriptor property
n9heteroring,float,,PADEL Descriptor property
n9ring,float,,PADEL Descriptor property
nacid,float,,PADEL Descriptor property
narombond,float,,PADEL Descriptor property
natom,float,,PADEL Descriptor property
natomlac,float,,PADEL Descriptor property
natomlc,float,,PADEL Descriptor property
natomp,float,,PADEL Descriptor property
nb,float,,PADEL Descriptor property
nbase,float,,PADEL Descriptor property
nbonds,float,,PADEL Descriptor property
nbonds2,float,,PADEL Descriptor property
nbondsd,float,,PADEL Descriptor property
nbondsd2,float,,PADEL Descriptor property
nbondsm,float,,PADEL Descriptor property
nbondsq,float,,PADEL Descriptor property
nbondss,float,,PADEL Descriptor property
nbondss2,float,,PADEL Descriptor property
nbondss3,float,,PADEL Descriptor property
nbondst,float,,PADEL Descriptor property
nbr,float,,PADEL Descriptor property
nc,float,,PADEL Descriptor property
ncl,float,,PADEL Descriptor property
nf,float,,PADEL Descriptor property
nf10heteroring,float,,PADEL Descriptor property
nf10ring,float,,PADEL Descriptor property
nf11heteroring,float,,PADEL Descriptor property
nf11ring,float,,PADEL Descriptor property
nf12heteroring,float,,PADEL Descriptor property
nf12ring,float,,PADEL Descriptor property
nf4heteroring,float,,PADEL Descriptor property
nf4ring,float,,PADEL Descriptor property
nf5heteroring,float,,PADEL Descriptor property
nf5ring,float,,PADEL Descriptor property
nf6heteroring,float,,PADEL Descriptor property
nf6ring,float,,PADEL Descriptor property
nf7heteroring,float,,PADEL Descriptor property
nf7ring,float,,PADEL Descriptor property
nf8heteroring,float,,PADEL Descriptor property
nf8ring,float,,PADEL Descriptor property
nf9heteroring,float,,PADEL Descriptor property
nf9ring,float,,PADEL Descriptor property
nfg12heteroring,float,,PADEL Descriptor property
nfg12ring,float,,PADEL Descriptor property
nfheteroring,float,,PADEL Descriptor property
nfring,float,,PADEL Descriptor property
ng12heteroring,float,,PADEL Descriptor property
ng12ring,float,,PADEL Descriptor property
nh,float,,PADEL Descriptor property
nhavin,float,,PADEL Descriptor property
nhbacc,float,,PADEL Descriptor property
nhbacc2,float,,PADEL Descriptor property
nhbacc3,float,,PADEL Descriptor property
nhbacc_lipinski,float,,PADEL Descriptor property
nhbdon,float,,PADEL Descriptor property
nhbdon_lipinski,float,,PADEL Descriptor property
nhba,float,,PADEL Descriptor property
nhbd,float,,PADEL Descriptor property
nhbint10,float,,PADEL Descriptor property
nhbint2,float,,PADEL Descriptor property
nhbint3,float,,PADEL Descriptor property
nhbint4,float,,PADEL Descriptor property
nhbint5,float,,PADEL Descriptor property
nhbint6,float,,PADEL Descriptor property
nhbint7,float,,PADEL Descriptor property
nhbint8,float,,PADEL Descriptor property
nhbint9,float,,PADEL Descriptor property
nhchnx,float,,PADEL Descriptor property
nhcsats,float,,PADEL Descriptor property
nhcsatu,float,,PADEL Descriptor property
nhaach,float,,PADEL Descriptor property
nhaanh,float,,PADEL Descriptor property
nhdch2,float,,PADEL Descriptor property
nhdnh,float,,PADEL Descriptor property
nhdsch,float,,PADEL Descriptor property
nheavyatom,float,,PADEL Descriptor property
nheteroring,float,,PADEL Descriptor property
nhmisc,float,,PADEL Descriptor property
nhother,float,,PADEL Descriptor property
nhsnh2,float,,PADEL Descriptor property
nhsnh3p,float,,PADEL Descriptor property
nhsoh,float,,PADEL Descriptor property
nhssh,float,,PADEL Descriptor property
nhssnh,float,,PADEL Descriptor property
nhssnh2p,float,,PADEL Descriptor property
nhsssnhp,float,,PADEL Descriptor property
nhtch,float,,PADEL Descriptor property
ni,float,,PADEL Descriptor property
nn,float,,PADEL Descriptor property
no,float,,PADEL Descriptor property
np,float,,PADEL Descriptor property
nring,float,,PADEL Descriptor property
nrotb,float,,PADEL Descriptor property
nrotbt,float,,PADEL Descriptor property
ns,float,,PADEL Descriptor property
nsm,float,,PADEL Descriptor property
nt10heteroring,float,,PADEL Descriptor property
nt10ring,float,,PADEL Descriptor property
nt11heteroring,float,,PADEL Descriptor property
nt11ring,float,,PADEL Descriptor property
nt12heteroring,float,,PADEL Descriptor property
nt12ring,float,,PADEL Descriptor property
nt4heteroring,float,,PADEL Descriptor property
nt4ring,float,,PADEL Descriptor property
nt5heteroring,float,,PADEL Descriptor property
nt5ring,float,,PADEL Descriptor property
nt6heteroring,float,,PADEL Descriptor property
nt6ring,float,,PADEL Descriptor property
nt7heteroring,float,,PADEL Descriptor property
nt7ring,float,,PADEL Descriptor property
nt8heteroring,float,,PADEL Descriptor property
nt8ring,float,,PADEL Descriptor property
nt9heteroring,float,,PADEL Descriptor property
nt9ring,float,,PADEL Descriptor property
ntg12heteroring,float,,PADEL Descriptor property
ntg12ring,float,,PADEL Descriptor property
ntheteroring,float,,PADEL Descriptor property
ntring,float,,PADEL Descriptor property
nx,float,,PADEL Descriptor property
naaromatom,float,,PADEL Descriptor property
naom,float,,PADEL Descriptor property
naach,float,,PADEL Descriptor property
naan,float,,PADEL Descriptor property
naanh,float,,PADEL Descriptor property
naao,float,,PADEL Descriptor property
naas,float,,PADEL Descriptor property
naase,float,,PADEL Descriptor property
naaac,float,,PADEL Descriptor property
naasc,float,,PADEL Descriptor property
naasn,float,,PADEL Descriptor property
ndch2,float,,PADEL Descriptor property
ndnh,float,,PADEL Descriptor property
ndo,float,,PADEL Descriptor property
nds,float,,PADEL Descriptor property
ndse,float,,PADEL Descriptor property
nddc,float,,PADEL Descriptor property
nddsas,float,,PADEL Descriptor property
nddsn,float,,PADEL Descriptor property
nddsp,float,,PADEL Descriptor property
nddsss,float,,PADEL Descriptor property
nddssse,float,,PADEL Descriptor property
ndsch,float,,PADEL Descriptor property
ndsn,float,,PADEL Descriptor property
ndssc,float,,PADEL Descriptor property
ndsss,float,,PADEL Descriptor property
ndssse,float,,PADEL Descriptor property
ndsssas,float,,PADEL Descriptor property
ndsssp,float,,PADEL Descriptor property
nsash2,float,,PADEL Descriptor property
nsbh2,float,,PADEL Descriptor property
nsbr,float,,PADEL Descriptor property
nsch3,float,,PADEL Descriptor property
nscl,float,,PADEL Descriptor property
nsf,float,,PADEL Descriptor property
nsgeh3,float,,PADEL Descriptor property
nsi,float,,PADEL Descriptor property
nsli,float,,PADEL Descriptor property
nsnh2,float,,PADEL Descriptor property
nsnh3p,float,,PADEL Descriptor property
nsoh,float,,PADEL Descriptor property
nsom,float,,PADEL Descriptor property
nsph2,float,,PADEL Descriptor property
nspbh3,float,,PADEL Descriptor property
nssh,float,,PADEL Descriptor property
nsseh,float,,PADEL Descriptor property
nssih3,float,,PADEL Descriptor property
nssnh3,float,,PADEL Descriptor property
nssash,float,,PADEL Descriptor property
nssbh,float,,PADEL Descriptor property
nssbe,float,,PADEL Descriptor property
nssch2,float,,PADEL Descriptor property
nssgeh2,float,,PADEL Descriptor property
nssnh,float,,PADEL Descriptor property
nssnh2p,float,,PADEL Descriptor property
nsso,float,,PADEL Descriptor property
nssph,float,,PADEL Descriptor property
nsspbh2,float,,PADEL Descriptor property
nsss,float,,PADEL Descriptor property
nssse,float,,PADEL Descriptor property
nsssih2,float,,PADEL Descriptor property
nsssnh2,float,,PADEL Descriptor property
nsssas,float,,PADEL Descriptor property
nsssb,float,,PADEL Descriptor property
nsssch,float,,PADEL Descriptor property
nsssgeh,float,,PADEL Descriptor property
nsssn,float,,PADEL Descriptor property
nsssnhp,float,,PADEL Descriptor property
nsssp,float,,PADEL Descriptor property
nssspbh,float,,PADEL Descriptor property
nssssih,float,,PADEL Descriptor property
nssssnh,float,,PADEL Descriptor property
nssssbem,float,,PADEL Descriptor property
nssssbm,float,,PADEL Descriptor property
nssssc,float,,PADEL Descriptor property
nssssge,float,,PADEL Descriptor property
nssssnp,float,,PADEL Descriptor property
nsssspb,float,,PADEL Descriptor property
nsssssi,float,,PADEL Descriptor property
nsssssn,float,,PADEL Descriptor property
nsssssas,float,,PADEL Descriptor property
nsssssp,float,,PADEL Descriptor property
nsssssss,float,,PADEL Descriptor property
nssssssse,float,,PADEL Descriptor property
ntch,float,,PADEL Descriptor property
ntn,float,,PADEL Descriptor property
ntsc,float,,PADEL Descriptor property
nwhba,float,,PADEL Descriptor property
nwhbd,float,,PADEL Descriptor property
pipc1,float,,PADEL Descriptor property
pipc10,float,,PADEL Descriptor property
pipc2,float,,PADEL Descriptor property
pipc3,float,,PADEL Descriptor property
pipc4,float,,PADEL Descriptor property
pipc5,float,,PADEL Descriptor property
pipc6,float,,PADEL Descriptor property
pipc7,float,,PADEL Descriptor property
pipc8,float,,PADEL Descriptor property
pipc9,float,,PADEL Descriptor property
sumi,float,,PADEL Descriptor property
topodiameter,float,,PADEL Descriptor property
toporadius,float,,PADEL Descriptor property
toposhape,float,,PADEL Descriptor property
